searge,name,desc
net.minecraft.network.chat.SelectorComponent,net.minecraft.network.chat.SelectorComponent,A component which shows the display names of entities selected by an {@link EntitySelector}.
net.minecraft.world.level.storage.loot.functions.SetEnchantmentsFunction,net.minecraft.world.level.storage.loot.functions.SetEnchantmentsFunction,"LootItemFunction that sets a stack's enchantments. If {@code add} is set, will add to any already existing enchantment levels instead of replacing them (ignored for enchanted books)."
net.minecraft.network.chat.KeybindComponent,net.minecraft.network.chat.KeybindComponent,A Component which displays a KeyBinding's display name.
net.minecraft.resources.RegistryFileCodec,net.minecraft.resources.RegistryFileCodec,"A codec that wraps a single element, or ""file"", within a registry. Possibly allows inline definitions, and always falls back to the element codec (and thus writing the registry element inline) if it fails to decode from the registry."
net.minecraft.world.level.storage.loot.LootContext$DynamicDrop,net.minecraft.world.level.storage.loot.LootContext$DynamicDrop,"DynamicDrop allows a loot generating object (e.g. a Block or Entity) to provide dynamic drops to a loot table.\nAn example of this are shulker boxes, which provide their contents as a dynamic drop source.\nDynamic drops are registered with a name using {@link LootContext.Builder#withDynamicDrop}.\n\nThese dynamic drops can then be referenced from a loot table using {@link DynamicLoot}."
net.minecraft.world.level.storage.loot.providers.score.ScoreboardNameProvider,net.minecraft.world.level.storage.loot.providers.score.ScoreboardNameProvider,Provides a scoreboard name based on a {@link LootContext}.
net.minecraft.world.level.storage.loot.entries.LootItem,net.minecraft.world.level.storage.loot.entries.LootItem,A loot pool entry that always generates a given item.
net.minecraft.world.item.alchemy.Potion,net.minecraft.world.item.alchemy.Potion,Defines a type of potion in the game. These are used to associate one or more effects with items such as the bottled potion or the tipped arrows.
net.minecraft.network.SkipPacketException,net.minecraft.network.SkipPacketException,"Used to signify that a packet encoding error is not fatal. If a packet fails to encode, but {@link net.minecraft.network.protocol.Packet#isSkippable} returns true, then this exception is thrown instead and {@link Connection} will log a message instead of closing the connection."
net.minecraft.network.RateKickingConnection,net.minecraft.network.RateKickingConnection,Variant of {@link Connection} that monitors the amount of received packets and disables receiving if the set limit is exceeded.
net.minecraft.world.level.storage.loot.functions.ExplorationMapFunction,net.minecraft.world.level.storage.loot.functions.ExplorationMapFunction,"Convert any empty maps into explorer maps that lead to a structure that is nearest to the current {@linkplain LootContextParams.ORIGIN}, if present."
net.minecraft.world.level.storage.loot.entries.TagEntry,net.minecraft.world.level.storage.loot.entries.TagEntry,"A loot pool entry container that generates based on an item tag.\nIf {@code expand} is set to true, it will expand into separate LootPoolEntries for every item in the tag, otherwise it will simply generate all items in the tag."
net.minecraft.world.level.storage.loot.predicates.ExplosionCondition,net.minecraft.world.level.storage.loot.predicates.ExplosionCondition,A LootItemCondition that checks whether an item should survive from an explosion or not.\nThis condition checks the {@linkplain LootContextParams#EXPLOSION_RADIUS explosion radius loot parameter}.
net.minecraft.world.level.newbiome.layer.traits.BishopTransformer,net.minecraft.world.level.newbiome.layer.traits.BishopTransformer,A transformer which modifies a single position based on the four diagonally adjacent positions.\nThe 'Bishop' is a reference to the bishop in chess moving diagonally.
net.minecraft.world.level.storage.loot.predicates.LocationCheck,net.minecraft.world.level.storage.loot.predicates.LocationCheck,LootItemCondition that checks the {@link LootContextParams.ORIGIN} position against a {@link LocationPredicate} after applying an offset to the origin position.
net.minecraft.world.level.chunk.storage.RegionBitmap,net.minecraft.world.level.chunk.storage.RegionBitmap,Keeps track of which parts of a region file are used and which parts are free.
net.minecraft.world.level.storage.loot.functions.ApplyBonusCount$BinomialWithBonusCount,net.minecraft.world.level.storage.loot.functions.ApplyBonusCount$BinomialWithBonusCount,Applies a bonus based on a binomial distribution with {@code n = enchantmentLevel + extraRounds} and {@code p = probability}.
net.minecraft.network.Varint21LengthFieldPrepender,net.minecraft.network.Varint21LengthFieldPrepender,"Prepends each frame (""packet"") with its length encoded as a VarInt. Every frame's length must fit within a 3-byte VarInt.\n\n@see Varint21FrameDecoder"
net.minecraft.world.level.storage.loot.predicates.DamageSourceCondition,net.minecraft.world.level.storage.loot.predicates.DamageSourceCondition,A LootItemCondition which checks {@link LootContextParams#ORIGIN} and {@link LootContextParams#DAMAGE_SOURCE} against a {@link DamageSourcePredicate}.
net.minecraft.network.protocol.PacketFlow,net.minecraft.network.protocol.PacketFlow,The direction of packets.
net.minecraft.core.RegistryAccess,net.minecraft.core.RegistryAccess,"The root level registry, essentially a registry of registries. It is also an access point, hence the name, for other dynamic registries."
net.minecraft.world.level.levelgen.Beardifier,net.minecraft.world.level.levelgen.Beardifier,Modifies terrain noise to be flatter near structures such as villages.
net.minecraft.world.level.storage.loot.predicates.EntityHasScoreCondition,net.minecraft.world.level.storage.loot.predicates.EntityHasScoreCondition,"A LootItemCondition that checks if an Entity selected by a {@link LootContext.EntityTarget} has a given set of scores.\nIf one of the given objectives does not exist or the entity does not have a score for that objective, the condition fails."
net.minecraft.world.level.levelgen.Column,net.minecraft.world.level.levelgen.Column,"A representation of an integer valued interval, either bounded or unbounded.\nWhile the class itself does not imply any coordinate in particular, this is practically used to represent a column in the Y direction."
net.minecraft.world.level.storage.loot.functions.SetItemDamageFunction,net.minecraft.world.level.storage.loot.functions.SetItemDamageFunction,"LootItemFunction that sets the stack's damage based on a {@link NumberProvider}, optionally adding to any existing damage."
net.minecraft.world.level.storage.loot.functions.CopyBlockState,net.minecraft.world.level.storage.loot.functions.CopyBlockState,"LootItemFunction that copies a set of block state properties to the {@code ""BlockStateTag""} NBT tag of the ItemStack.\nThis tag is checked when the block is placed."
net.minecraft.world.level.storage.loot.entries.LootTableReference,net.minecraft.world.level.storage.loot.entries.LootTableReference,A loot pool entry container that generates loot by referencing another loot table.
net.minecraft.world.level.storage.loot.predicates.LootItemConditions,net.minecraft.world.level.storage.loot.predicates.LootItemConditions,Registry for {@link LootItemConditionType}.\n\n@see LootItemCondition
net.minecraft.world.level.storage.loot.IntRange,net.minecraft.world.level.storage.loot.IntRange,"A possibly unbounded range of integers based on {@link LootContext}. Minimum and maximum are given in the form of {@link NumberProvider}s.\nMinimum and maximum are both optional. If given, they are both inclusive."
net.minecraft.network.protocol.status.ServerStatusPacketListener,net.minecraft.network.protocol.status.ServerStatusPacketListener,PacketListener for the server side of the STATUS protocol.
net.minecraft.world.level.levelgen.synth.SimplexNoise,net.minecraft.world.level.levelgen.synth.SimplexNoise,A generator for a single octave of Simplex noise.
net.minecraft.network.protocol.handshake.ServerHandshakePacketListener,net.minecraft.network.protocol.handshake.ServerHandshakePacketListener,PacketListener for the server side of the HANDSHAKING protocol.
net.minecraft.resources.RegistryReadOps$ReadCache,net.minecraft.resources.RegistryReadOps$ReadCache,"This is a cheap java version of a type alias. Because {@code ReadCache<E>} is shorter than {@code Map<ResourceKey<E>, DataResult<Supplier<E>>}."
net.minecraft.world.level.levelgen.structure.BoundingBox,net.minecraft.world.level.levelgen.structure.BoundingBox,"A simple three dimensional mutable integer bounding box.\nNote that this box is both mutable, and has an implementation of {@code hashCode()} and {@code equals()}.\nThis can be used as {@code HashMap} keys for example, if the user can ensure the instances themselves are not modified."
net.minecraft.world.level.storage.loot.entries.LootPoolEntryContainer,net.minecraft.world.level.storage.loot.entries.LootPoolEntryContainer,Base class for loot pool entry containers. This class just stores a list of conditions that are checked before the entry generates loot.
net.minecraft.world.level.storage.loot.predicates.BonusLevelTableCondition,net.minecraft.world.level.storage.loot.predicates.BonusLevelTableCondition,"A LootItemCondition that provides a random chance based on the level of a certain enchantment on the {@linkplain LootContextParams#TOOL tool}.\nThe chances are given as an array of float values that represent the given chance (0..1) for the enchantment level corresponding to the index.\n{@code [0.2, 0.3, 0.6]} would provide a 20% chance for not enchanted, 30% chance for enchanted at level 1 and 60% chance for enchanted at level 2 or above."
net.minecraft.world.entity.ai.goal.WrappedGoal,net.minecraft.world.entity.ai.goal.WrappedGoal,"This is an internal object used by the GoalSelector to choose between Goals.\nIn most cases, it should not be constructed directly.\n\nFor information on how individual methods work, see the javadocs for Goal:\n{@link net.minecraft.entity.ai.goal.Goal}"
net.minecraft.stats.Stat,net.minecraft.stats.Stat,"An immutable statistic to be counted for a particular entry in the {@linkplain #type}'s registry. This is used as a key in a {@link net.minecraft.stats.StatsCounter} for a corresponding count.\n<p>\nBy default, the statistic's {@linkplain #getName() name} is formatted {@code <stat type namespace>.<stat type path>:<value namespace>.<value path>}, as created by {@link #buildName(StatType, Object)}.\n\n@param <T> the type of the registry entry for this statistic\n@see net.minecraft.stats.StatType\n@see net.minecraft.stats.Stats"
net.minecraft.world.level.storage.loot.predicates.InvertedLootItemCondition,net.minecraft.world.level.storage.loot.predicates.InvertedLootItemCondition,A LootItemCondition that inverts the output of another one.
net.minecraft.world.level.storage.loot.predicates.LootItemEntityPropertyCondition,net.minecraft.world.level.storage.loot.predicates.LootItemEntityPropertyCondition,A LootItemCondition that checks a given {@link EntityPredicate} against a given {@link LootContext.EntityTarget}.
net.minecraft.world.level.storage.loot.functions.SetNameFunction,net.minecraft.world.level.storage.loot.functions.SetNameFunction,LootItemFunction that sets a stack's name.\nThe Component for the name is optionally resolved relative to a given {@link LootContext.EntityTarget} for entity-sensitive component data such as scoreboard scores.
net.minecraft.world.level.storage.loot.entries.ComposableEntryContainer,net.minecraft.world.level.storage.loot.entries.ComposableEntryContainer,"Base interface for loot pool entry containers.\nA loot pool entry container holds one or more loot pools and will expand into those.\nAdditionally, the container can either succeed or fail, based on its conditions."
net.minecraft.resources.RegistryReadOps$ResourceAccess$MemoryMap,net.minecraft.resources.RegistryReadOps$ResourceAccess$MemoryMap,"An in-memory, JSON serialized form of a {@link net.minecraft.core.RegistryAccess}.\nIt retains the integer IDs and lifecycles of every registry element, and is used to bridge the gap between {@link RegistryReadOps} and {@link net.minecraft.resources.RegistryWriteOps} when using the pair in conjunction to perform a deep copy of the entire registries.\nThis implements {@link ResourceAccess} as it is used as the access for a {@link RegistryReadOps} to read from, when the builtin registries are being initialized."
net.minecraft.world.entity.ai.goal.FollowMobGoal,net.minecraft.world.entity.ai.goal.FollowMobGoal,A goal allowing an mob to follow others. The mob must have Ground or Flying navigation.
net.minecraft.network.protocol.status.ClientStatusPacketListener,net.minecraft.network.protocol.status.ClientStatusPacketListener,PacketListener for the client side of the STATUS protocol.
net.minecraft.world.level.storage.loot.entries.EntryGroup,net.minecraft.world.level.storage.loot.entries.EntryGroup,A composite loot pool entry container that expands all its children in order.\nThis container always succeeds.
net.minecraft.world.level.storage.loot.entries.CompositeEntryBase,net.minecraft.world.level.storage.loot.entries.CompositeEntryBase,Base class for loot pool entry containers that delegate to one or more children.\nThe actual functionality is provided by composing the children into one composed container (see {@link #compose}).
net.minecraft.stats.StatsCounter,net.minecraft.stats.StatsCounter,"Manages counting a set of {@link net.minecraft.stats.Stat} objects, stored by a map of statistics to their count.\n<p>\nThis base {@code StatsCounter} is only used client-side for keeping track of and reading counts sent from the server.\n\n@see net.minecraft.stats.ServerStatsCounter"
net.minecraft.resources.ResourceLocation,net.minecraft.resources.ResourceLocation,"An immutable location of a resource, in terms of a path and namespace.\n<p>\nThis is used as an identifier for a resource, usually for those housed in a {@link net.minecraft.core.Registry}, such as blocks and items.\n<p>\n{@code minecraft} is always taken as the default namespace for a resource location when none is explicitly stated. When using this for registering objects, this namespace <strong>should</strong> only be used for resources added by Minecraft itself.\n<p>\nGenerally, and by the implementation of {@link #toString()}, the string representation of this class is expressed in the form {@code namespace:path}. The colon is also used as the default separator for parsing strings as a {@code ResourceLocation}.\n@see net.minecraft.resources.ResourceKey"
net.minecraft.world.level.storage.loot.functions.CopyNameFunction,net.minecraft.world.level.storage.loot.functions.CopyNameFunction,"LootItemFunction that sets the stack's name by copying it from somewhere else, such as the killing player."
net.minecraft.world.level.storage.loot.providers.number.BinomialDistributionGenerator,net.minecraft.world.level.storage.loot.providers.number.BinomialDistributionGenerator,A number provider which generates a random number based on a binomial distribution.
net.minecraft.network.PacketDecoder,net.minecraft.network.PacketDecoder,Main netty packet decoder. Reads the packet ID as a VarInt and creates the corresponding packet\nbased on the current {@link ConnectionProtocol}.
net.minecraft.world.item.alchemy.Potions,net.minecraft.world.item.alchemy.Potions,Defines all of the potion types registered by Minecraft itself.\n@see net.minecraft.core.Registry#POTION
net.minecraft.network.syncher.EntityDataSerializers,net.minecraft.network.syncher.EntityDataSerializers,Registry for {@link EntityDataSerializer}.
net.minecraft.resources.RegistryWriteOps,net.minecraft.resources.RegistryWriteOps,A {@link DelegatingOps} which uses a backing {@link RegistryAccess} to write elements.
net.minecraft.world.level.storage.loot.functions.LimitCount,net.minecraft.world.level.storage.loot.functions.LimitCount,A LootItemFunction that limits the stack's count to fall within a given {@link IntRange}.
net.minecraft.world.level.storage.loot.entries.LootPoolEntries,net.minecraft.world.level.storage.loot.entries.LootPoolEntries,Registration for {@link LootPoolEntryType}.
net.minecraft.world.level.storage.loot.GsonAdapterFactory,net.minecraft.world.level.storage.loot.GsonAdapterFactory,"Creates Gson serializers based on {@link SerializerType} and {@link Serializer}.\nThe resulting serializers handle JSON in the following structure:\n<code>\n{\n  ""type"": ""minecraft:example"",\n  ""otherProperties"": ""go here""\n}\n</code>\n\nThe {@code ""type""} property is read (with a fallback to {@code defaultType}) and then looked up in the provided registry to produce the {@code SerializerType}. The type's {@code Serializer} is then used to deserialize the rest of the JSON object.\n\nIf the serializer receives a JSON element that is not an object, it will try to use the {@code InlineSerializer} if provided."
net.minecraft.world.level.levelgen.surfacebuilders.NopeSurfaceBuilder,net.minecraft.world.level.levelgen.surfacebuilders.NopeSurfaceBuilder,A no-op surface builder that does nothing.
net.minecraft.world.level.storage.loot.predicates.TimeCheck,net.minecraft.world.level.storage.loot.predicates.TimeCheck,A LootItemCondition that checks the {@linkplain ServerLevel#getDayTime day time} against an {@link IntRange} after applying an optional modulo division.
net.minecraft.world.level.storage.loot.providers.number.ConstantValue,net.minecraft.world.level.storage.loot.providers.number.ConstantValue,A {@link NumberProvider} that provides a constant value.
net.minecraft.world.level.storage.loot.entries.DynamicLoot,net.minecraft.world.level.storage.loot.entries.DynamicLoot,A loot pool entry container that will genererate the dynamic drops with a given name.\n\n@see LootContext.DynamicDrops
net.minecraft.world.level.storage.loot.LootContextUser,net.minecraft.world.level.storage.loot.LootContextUser,An object that will use some parameters from a LootContext. Used for validation purposes to validate that the correct parameters are present.
net.minecraft.world.level.storage.loot.providers.number.ScoreboardValue,net.minecraft.world.level.storage.loot.providers.number.ScoreboardValue,"Provides a number by reading the score of a scoreboard member whose name is provided by a {@link ScoreboardNameProvider}.\nAdditionally a scale can be provided, which will be multiplied with the score."
net.minecraft.world.level.chunk.storage.RegionFileVersion,net.minecraft.world.level.chunk.storage.RegionFileVersion,A decorator for input and output streams used to read and write the chunk data from region files. This exists as there are different ways of compressing the chunk data inside a region file.\n@see net.minecraft.world.level.chunk.storage.RegionFileVersion#VERSION_GZIP\n@see net.minecraft.world.level.chunk.storage.RegionFileVersion#VERSION_DEFLATE\n@see net.minecraft.world.level.chunk.storage.RegionFileVersion#VERSION_NONE
net.minecraft.world.level.levelgen.feature.IcebergFeature,net.minecraft.world.level.levelgen.feature.IcebergFeature,"This feature generates part of the icebergs found in frozen oceans.\nSpecifically, it generates tall, triangular prism icebergs, and ""donut"" or torus shaped icebergs.\nOther icebergs are generated by the frozen ocean surface builder instead.\n\n@see net.minecraft.world.level.levelgen.surfacebuilders.FrozenOceanSurfaceBuilder"
net.minecraft.world.level.storage.loot.predicates.MatchTool,net.minecraft.world.level.storage.loot.predicates.MatchTool,A LootItemCondition that checks the {@linkplain LootContextParams#TOOL tool} against an {@link ItemPredicate}.
net.minecraft.world.level.levelgen.GenerationStep,net.minecraft.world.level.levelgen.GenerationStep,"Represents individual steps that the features and carvers chunk status go through, respectively."
net.minecraft.world.level.storage.loot.parameters.LootContextParamSet,net.minecraft.world.level.storage.loot.parameters.LootContextParamSet,"A LootContextParamSet defines a set of required and optional {@link LootContextParam}s.\nThis is used to validate that conditions, functions and other {@link LootContextUser}s only use those parameters that are present for the given loot table.\n\n@see LootContextParamSets\n@see ValidationContext"
net.minecraft.world.level.levelgen.RandomSource,net.minecraft.world.level.levelgen.RandomSource,"A basic interface for random number generation. This mirrors the same methods in {@link java.util.Random}, however it does not make any guarantee that these are thread-safe, unlike {@code Random}.\nThe notable difference is that {@link #setSeed(long)} is not {@code synchronized} and should not be accessed from multiple threads.\nThe documentation for each individual method can be assumed to be otherwise the same as the identically named method in {@link java.util.Random}.\n@see java.util.Random\n@see net.minecraft.world.level.levelgen.SimpleRandomSource"
net.minecraft.world.level.storage.loot.SerializerType,net.minecraft.world.level.storage.loot.SerializerType,Represents the registry entry for a serializer for some type T. For example every type of {@link NumberProvider} has a {@link LootNumberProviderType} (which extends SerializerType) that stores its serializer and is registered to a registry to provide the type name in form of the registry ResourceLocation.
net.minecraft.world.level.storage.loot.functions.LootItemFunctionType,net.minecraft.world.level.storage.loot.functions.LootItemFunctionType,The SerializerType for {@link LootItemFunction}.
net.minecraft.world.level.levelgen.synth.ImprovedNoise,net.minecraft.world.level.levelgen.synth.ImprovedNoise,Generates a single octave of Perlin noise.
net.minecraft.world.level.storage.loot.entries.SequentialEntry,net.minecraft.world.level.storage.loot.entries.SequentialEntry,A composite loot pool entry container that expands all its children in order until one of them fails.\nThis container succeeds if all children succeed.
net.minecraft.world.level.storage.loot.providers.score.ScoreboardNameProviders,net.minecraft.world.level.storage.loot.providers.score.ScoreboardNameProviders,Registration for {@link ScoreboardNameProvider}.
net.minecraft.network.syncher.SynchedEntityData,net.minecraft.network.syncher.SynchedEntityData,Keeps data in sync from server to client for an entity.\nA maximum of 254 parameters per entity class can be registered. The system then ensures that these values are updated on the client whenever they change on the server.\n\nUse {@link #defineId} to register a piece of data for your entity class.\nUse {@link #define} during {@link Entity#defineSynchedData} to set the default value for a given parameter.
net.minecraft.world.level.storage.loot.functions.ApplyBonusCount$OreDrops,net.minecraft.world.level.storage.loot.functions.ApplyBonusCount$OreDrops,Applies a bonus count with a special formula used for fortune ore drops.
net.minecraft.world.level.storage.loot.parameters.LootContextParams,net.minecraft.world.level.storage.loot.parameters.LootContextParams,Holds all known LootContextParams.
net.minecraft.world.level.storage.loot.providers.score.FixedScoreboardNameProvider,net.minecraft.world.level.storage.loot.providers.score.FixedScoreboardNameProvider,A {@link ScoreboardNameProvider} that always provides a fixed name.
net.minecraft.network.chat.TextComponent,net.minecraft.network.chat.TextComponent,A Component that represents just a fixed String.
net.minecraft.network.protocol.login.ServerLoginPacketListener,net.minecraft.network.protocol.login.ServerLoginPacketListener,PacketListener for the server side of the LOGIN protocol.
net.minecraft.world.level.storage.loot.functions.SetContainerLootTable,net.minecraft.world.level.storage.loot.functions.SetContainerLootTable,LootItemFunction that sets the LootTable and optionally the loot table seed on the stack's {@code BlockEntityTag}. The effect of this is that containers such as chests will receive the given LootTable when placed.
net.minecraft.stats.ServerStatsCounter,net.minecraft.stats.ServerStatsCounter,"Server-side implementation of {@link net.minecraft.stats.StatsCounter}; handles counting, serialising, and de-serialising statistics, as well as sending them to connected clients via the {@linkplain net.minecraft.network.protocol.game.ClientboundAwardStatsPacket award stats packet}."
net.minecraft.world.level.storage.loot.providers.number.NumberProviders,net.minecraft.world.level.storage.loot.providers.number.NumberProviders,Registration for {@link LootNumberProviderType}.\n\n@see LootNumberProviderType\n@see NumberProvider
net.minecraft.world.level.storage.loot.entries.EmptyLootItem,net.minecraft.world.level.storage.loot.entries.EmptyLootItem,A loot pool entry that does not generate any items.
net.minecraft.world.level.storage.loot.functions.SmeltItemFunction,net.minecraft.world.level.storage.loot.functions.SmeltItemFunction,LootItemFunction that tries to smelt any items using {@link RecipeType.SMELTING}.
net.minecraft.world.level.storage.loot.functions.EnchantWithLevelsFunction,net.minecraft.world.level.storage.loot.functions.EnchantWithLevelsFunction,Applies a random enchantment to the stack.\n\n@see EnchantmentHelper#enchantItem
net.minecraft.world.level.storage.loot.BuiltInLootTables,net.minecraft.world.level.storage.loot.BuiltInLootTables,"Stores IDs for built in loot tables, i.e. loot tables which are not based directly on a block or entity ID."
net.minecraft.world.level.chunk.ChunkStatus,net.minecraft.world.level.chunk.ChunkStatus,"The statuses that chunks go through during different phases of generation and loading.\nEach status has an asynchronous task that is completed to generate a chunk, and one to load a chunk up to that status.\nChunks are generated in sequential stages, some of which rely on nearby chunks from the previous stage. To this respect, tasks define a ""range"" that they require chunks to be generated up to the previous stage. This is responsible for the concentric squares seen in the chunk loading screen."
net.minecraft.world.level.levelgen.synth.BlendedNoise,net.minecraft.world.level.levelgen.synth.BlendedNoise,"This class wraps three individual perlin noise octaves samplers.\nIt computes the octaves of the main noise, and then uses that as a linear interpolation value between the minimum and maximum limit noises."
net.minecraft.world.level.storage.loot.providers.nbt.LootNbtProviderType,net.minecraft.world.level.storage.loot.providers.nbt.LootNbtProviderType,The SerializerType for {@link NbtProvider}.
net.minecraft.world.level.storage.loot.predicates.LootItemCondition,net.minecraft.world.level.storage.loot.predicates.LootItemCondition,A condition based on {@link LootContext}.\n\n@see {@link LootItemConditions}\n@see {@link PredicateManager}
net.minecraft.world.level.storage.loot.predicates.ConditionReference,net.minecraft.world.level.storage.loot.predicates.ConditionReference,A LootItemCondition that refers to another LootItemCondition by its ID.
net.minecraft.world.level.levelgen.SimpleRandomSource,net.minecraft.world.level.levelgen.SimpleRandomSource,"This class is a modified implementation of {@link java.util.Random}, with one major difference: it will throw upon access across threads rather than allow them."
net.minecraft.world.level.storage.loot.PredicateManager,net.minecraft.world.level.storage.loot.PredicateManager,DataPack reload listener that reads loot conditions from the ResourceManager and stores them.\n\n@see LootItemCondition
net.minecraft.world.level.levelgen.carver.CaveWorldCarver,net.minecraft.world.level.levelgen.carver.CaveWorldCarver,A carver which creates Minecraft's most common cave types.
net.minecraft.world.level.storage.loot.functions.ApplyBonusCount$UniformBonusCount,net.minecraft.world.level.storage.loot.functions.ApplyBonusCount$UniformBonusCount,Adds a bonus count based on the enchantment level scaled by a constant multiplier.
net.minecraft.world.level.chunk.DataLayer,net.minecraft.world.level.chunk.DataLayer,A representation of a 16x16x16 cube of nibbles (half-bytes).
net.minecraft.world.level.storage.loot.predicates.LootItemConditionType,net.minecraft.world.level.storage.loot.predicates.LootItemConditionType,The SerializerType for {@link LootItemCondition}.
net.minecraft.world.level.storage.loot.providers.score.ContextScoreboardNameProvider,net.minecraft.world.level.storage.loot.providers.score.ContextScoreboardNameProvider,A {@link ScoreboardNameProvider} that provides the scoreboard name for an entity selected by a {@link LootContext.EntityTarget}.
net.minecraft.world.level.storage.loot.predicates.ValueCheckCondition,net.minecraft.world.level.storage.loot.predicates.ValueCheckCondition,LootItemCondition that checks if a number provided by a {@link NumberProvider} is within an {@link IntRange}.
net.minecraft.world.entity.ai.attributes.Attributes,net.minecraft.world.entity.ai.attributes.Attributes,Contains all entity attributes defined and registered by the vanilla game.
net.minecraft.world.level.storage.loot.ItemModifierManager,net.minecraft.world.level.storage.loot.ItemModifierManager,DataPack reload listener that reads loot functions from the ResourceManager and stores them.\n\n@see LootItemFunction
net.minecraft.world.level.levelgen.NoiseSampler,net.minecraft.world.level.levelgen.NoiseSampler,"Samples the base terrain density noise, using the biome's depth and scale factors."
net.minecraft.world.level.storage.loot.functions.LootItemFunctions,net.minecraft.world.level.storage.loot.functions.LootItemFunctions,Registry for {@link LootItemFunction}
net.minecraft.world.level.storage.loot.providers.nbt.NbtProvider,net.minecraft.world.level.storage.loot.providers.nbt.NbtProvider,A provider for NBT data based on a LootContext.\n\n@see NbtProviders
net.minecraft.world.level.storage.loot.functions.SetBannerPatternFunction,net.minecraft.world.level.storage.loot.functions.SetBannerPatternFunction,LootItemFunction that sets the banner patterns for a banner item. Optionally appends to any existing patterns.
net.minecraft.world.level.storage.loot.providers.number.UniformGenerator,net.minecraft.world.level.storage.loot.providers.number.UniformGenerator,Generates a random number which is uniformly distributed between a minimum and a maximum.\nMinimum and maximum are themselves NumberProviders.
net.minecraft.network.chat.MutableComponent,net.minecraft.network.chat.MutableComponent,A Component which can have its Style and siblings modified.
net.minecraft.world.level.newbiome.layer.traits.AreaTransformer0,net.minecraft.world.level.newbiome.layer.traits.AreaTransformer0,A transformer which initializes an area just from coordinate values.
net.minecraft.world.level.newbiome.layer.traits.AreaTransformer1,net.minecraft.world.level.newbiome.layer.traits.AreaTransformer1,A transformer which applies to a previous area and modifies it.
net.minecraft.world.level.newbiome.layer.traits.AreaTransformer2,net.minecraft.world.level.newbiome.layer.traits.AreaTransformer2,A transformer which merges two different areas.
net.minecraft.world.level.storage.loot.providers.number.NumberProvider,net.minecraft.world.level.storage.loot.providers.number.NumberProvider,Provides a float or int based on a {@link LootContext}.
net.minecraft.world.level.chunk.storage.RegionFile,net.minecraft.world.level.chunk.storage.RegionFile,This class handles a single region (or anvil) file and all files for single chunks at chunk positions for that one region file.
net.minecraft.world.level.storage.loot.functions.LootItemFunction,net.minecraft.world.level.storage.loot.functions.LootItemFunction,A LootItemFunction modifies an ItemStack based on the current LootContext.\n\n@see LootItemFunctions
net.minecraft.world.level.storage.loot.functions.SetStewEffectFunction,net.minecraft.world.level.storage.loot.functions.SetStewEffectFunction,LootItemFunction that adds an effect to any suspicious stew items. A random effect is chosen from the given map every time.
net.minecraft.world.entity.ai.attributes.RangedAttribute,net.minecraft.world.entity.ai.attributes.RangedAttribute,Defines an entity {@linkplain net.minecraft.world.entity.ai.attributes.Attribute attribute} that is limited to a range of values.
net.minecraft.world.level.storage.loot.functions.EnchantRandomlyFunction,net.minecraft.world.level.storage.loot.functions.EnchantRandomlyFunction,"LootItemFunction that applies a random enchantment to the stack. If an empty list is given, chooses from all enchantments."
net.minecraft.network.PacketEncoder,net.minecraft.network.PacketEncoder,Main netty packet encoder. Writes the packet ID as a VarInt based on the current {@link ConnectionProtocol} as well as the packet's data.
net.minecraft.network.protocol.game.ClientGamePacketListener,net.minecraft.network.protocol.game.ClientGamePacketListener,PacketListener for the client side of the PLAY protocol.
net.minecraft.world.level.levelgen.synth.NormalNoise,net.minecraft.world.level.levelgen.synth.NormalNoise,"This samples the sum of two individual samplers of perlin noise octaves.\nThe input coordinates are scaled by {@link #INPUT_FACTOR}, and the result is scaled by {@link #valueFactor}."
net.minecraft.world.level.levelgen.synth.PerlinSimplexNoise,net.minecraft.world.level.levelgen.synth.PerlinSimplexNoise,This class generates multiple octaves of simplex noise. Each individual octave is an instance of {@link net.minecraft.world.level.levelgen.synth.SimplexNoise}.\nMojang uses the term 'Perlin' to describe octaves or fBm (Fractal Brownian Motion) noise and this class does not actually generate Perlin noise.
net.minecraft.world.level.storage.loot.functions.SetItemCountFunction,net.minecraft.world.level.storage.loot.functions.SetItemCountFunction,"LootItemFunction that sets the stack's count based on a {@link NumberProvider}, optionally adding to any existing count."
net.minecraft.resources.DelegatingOps,net.minecraft.resources.DelegatingOps,A {@link DynamicOps} that delegates all functionality to an internal delegate. Comments and parameters here are copied from {@link DynamicOps} in DataFixerUpper.
net.minecraft.network.CipherDecoder,net.minecraft.network.CipherDecoder,Channel handler that handles protocol decryption.\n\n@see Connection#setEncryptionKey
net.minecraft.world.level.levelgen.synth.SurfaceNoise,net.minecraft.world.level.levelgen.synth.SurfaceNoise,"The noise sampler used during surface building.\nThis value obtained from {@link #getSurfaceNoiseValue(double, double, double, double)} is used as the {@code noise} parameter of {@link net.minecraft.world.level.levelgen.surfacebuilders.SurfaceBuilder#apply}.\n<p>\nMojang samples this noise rather strangely, by passing in (blockX, blockZ, 0.0625, localX).\nSince the localX only ranges from [0, 16), it can lead to axis aligned artifacts across chunk borders visible in the surface material.\n@see <a href=""https://bugs.mojang.com/browse/MC-199343"">MC-199343</a>"
net.minecraft.world.level.storage.loot.Serializer,net.minecraft.world.level.storage.loot.Serializer,A serializer and deserializer for values of type {@code T} to and from JSON.
net.minecraft.world.level.newbiome.layer.traits.DimensionOffset1Transformer,net.minecraft.world.level.newbiome.layer.traits.DimensionOffset1Transformer,"A transformer which offsets the parent center position by (-1, -1)."
net.minecraft.stats.StatType,net.minecraft.stats.StatType,"Holds a map of {@linkplain net.minecraft.stats.Stat statistics} with type {@code T} for a corresponding {@link #registry}.\n<p>\nA single type usually defines a particular thing to be counted, such as {@linkplain net.minecraft.stats.Stats#ITEM_USED the number of items used} or {@link net.minecraft.stats.Stats#BLOCK_MINED the number of blocks mined}. However, there is also a {@link net.minecraft.stats.Stats#CUSTOM custom type} which uses entries from the {@linkplain Registry#CUSTOM_STAT custom stat registry}. This is keyed by a {@link net.minecraft.resources.ResourceLocation} and can be used to count any statistic that doesn't require an associated {@link net.minecraft.core.Registry} entry.\n\n@param <T> the type of the associated registry's entry values\n@see net.minecraft.stats.Stat\n@see net.minecraft.stats.Stats\n@see net.minecraft.core.Registry#STAT_TYPE\n@see net.minecraft.core.Registry#CUSTOM_STAT"
net.minecraft.world.level.storage.loot.predicates.WeatherCheck,net.minecraft.world.level.storage.loot.predicates.WeatherCheck,A LootItemCondition that checks whether it currently raining or trhundering.\nBoth checks are optional.
net.minecraft.world.level.storage.loot.providers.number.LootNumberProviderType,net.minecraft.world.level.storage.loot.providers.number.LootNumberProviderType,The SerializerType for {@link NumberProvider}.
net.minecraft.network.ConnectionProtocol,net.minecraft.network.ConnectionProtocol,Describes the set of packets a connection understands at a given point.\nA connection always starts out in state {@link #HANDSHAKING}. In this state the client sends its desired protocol using\n{@link ClientIntentionPacket}. The server then either accepts the connection and switches to the desired protocol or it disconnects the client (for example in case of an outdated client).\n\nEach protocol has a {@link PacketListener} implementation tied to it for server and client respectively.\n\nEvery packet must correspond to exactly one protocol.
net.minecraft.world.level.newbiome.layer.traits.C1Transformer,net.minecraft.world.level.newbiome.layer.traits.C1Transformer,A transformer which applies to the single pixel of the previous layer.
net.minecraft.world.level.storage.loot.predicates.LootItemRandomChanceWithLootingCondition,net.minecraft.world.level.storage.loot.predicates.LootItemRandomChanceWithLootingCondition,A LootItemCondition that does a random chance check with a bonus based on the {@linkplain EnchantmentHelper#getMobLooting looting enchantment}.
net.minecraft.world.level.chunk.storage.RegionFileStorage,net.minecraft.world.level.chunk.storage.RegionFileStorage,Handles reading and writing the {@link net.minecraft.world.level.chunk.storage.RegionFile region files} for a {@link net.minecraft.world.level.Level}.
net.minecraft.world.level.storage.loot.functions.SetLoreFunction,net.minecraft.world.level.storage.loot.functions.SetLoreFunction,"LootItemFunction that sets a stack's lore tag, optionally replacing any previously present lore.\nThe Components for the lore tag are optionally resolved relative to a given {@link LootContext.EntityTarget} for entity-sensitive component data such as scoreboard scores."
net.minecraft.world.level.storage.loot.LootContext,net.minecraft.world.level.storage.loot.LootContext,LootContext stores various context information for loot generation.\nThis includes the Level as well as any known {@link LootContextParam}s.
net.minecraft.world.item.enchantment.EnchantmentInstance,net.minecraft.world.item.enchantment.EnchantmentInstance,Defines an immutable instance of an enchantment and its level.
net.minecraft.world.level.storage.loot.LootTables,net.minecraft.world.level.storage.loot.LootTables,DataPack reload listener that reads loot tables from the ResourceManager and stores them.\n\n@see LootTable
net.minecraft.world.level.storage.loot.functions.SetNbtFunction,net.minecraft.world.level.storage.loot.functions.SetNbtFunction,LootItemFunction that merges a given CompoundTag into the stack's NBT tag.
net.minecraft.world.level.storage.loot.providers.nbt.ContextNbtProvider,net.minecraft.world.level.storage.loot.providers.nbt.ContextNbtProvider,A NbtProvider that provides either the {@linkplain LootContextParams#BLOCK_ENTITY block entity}'s NBT data or an entity's NBT data based on an {@link LootContext.EntityTarget}.
net.minecraft.world.level.storage.loot.parameters.LootContextParamSets,net.minecraft.world.level.storage.loot.parameters.LootContextParamSets,Registry for {@link LootContextParamSet}s.
net.minecraft.world.level.storage.loot.predicates.AlternativeLootItemCondition,net.minecraft.world.level.storage.loot.predicates.AlternativeLootItemCondition,"A LootItemCondition that combines a list of other conditions using ""or"".\n\n@see LootItemConditions#orConditions"
net.minecraft.core.RegistryAccess$RegistryHolder,net.minecraft.core.RegistryAccess$RegistryHolder,"The default implementation of {@link RegistryAccess}, which stores it's registries in a backing map of registry keys to registries."
net.minecraft.resources.ResourceKey,net.minecraft.resources.ResourceKey,"An immutable key for a resource, in terms of the name of its parent registry and its location in that registry.\n<p>\n{@link net.minecraft.core.Registry} uses this to return resource keys for registry objects via {@link net.minecraft.core.Registry#getResourceKey(Object)}. It also uses this class to store its name, with the parent registry name set to {@code minecraft:root}. When used in this way it is usually referred to as a ""registry key"".</p>\n<p>\n@param <T> The type of the resource represented by this {@code ResourceKey}, or the type of the registry if it is a registry key.\n@see net.minecraft.resources.ResourceLocation"
net.minecraft.network.syncher.EntityDataSerializer,net.minecraft.network.syncher.EntityDataSerializer,"Handles encoding and decoding of data for {@link SynchedEntityData}.\nNote that mods cannot add new serializers, because this is not a managed registry and the serializer ID is limited to 16."
net.minecraft.network.chat.ScoreComponent,net.minecraft.network.chat.ScoreComponent,A Component that shows the score for an entity which is selected by an {@link EntitySelector}.
net.minecraft.world.level.storage.loot.entries.LootPoolSingletonContainer,net.minecraft.world.level.storage.loot.entries.LootPoolSingletonContainer,A LootPoolEntryContainer that expands into a single LootPoolEntry.
net.minecraft.world.level.newbiome.layer.traits.DimensionOffset0Transformer,net.minecraft.world.level.newbiome.layer.traits.DimensionOffset0Transformer,A no-op offset transformer.
net.minecraft.network.syncher.EntityDataAccessor,net.minecraft.network.syncher.EntityDataAccessor,A Key for {@link SynchedEntityData}.
net.minecraft.world.level.newbiome.layer.traits.C0Transformer,net.minecraft.world.level.newbiome.layer.traits.C0Transformer,A transformer which applies to the single pixel of the previous layer.
net.minecraft.world.level.storage.loot.predicates.LootItemBlockStatePropertyCondition,net.minecraft.world.level.storage.loot.predicates.LootItemBlockStatePropertyCondition,A LootItemCondition that checks whether the {@linkplain LootContextParams#BLOCK_STATE block state} matches a given Block and {@link StatePropertiesPredicate}.
net.minecraft.data.structures.SnbtToNbt$StructureConversionException,net.minecraft.data.structures.SnbtToNbt$StructureConversionException,Wraps exceptions thrown while reading structures to include the path of the structure in the exception message.
net.minecraft.resources.RegistryReadOps,net.minecraft.resources.RegistryReadOps,"A combination of a {@link DelegatingOps}, to do raw data reading, a {@link net.minecraft.core.RegistryAccess}, to populate, and a {@link RegistryReadOps.ResourceAccess} which represents a organized set of encoded registry data, to decode from.\nIn that sense, this ops wraps an entire encoded view of a registry, and it's companion decoding functionality, rather than being a general purpose ops."
net.minecraft.network.CipherEncoder,net.minecraft.network.CipherEncoder,Channel handler that handles protocol encryption.\n\n@see Connection#setEncryptionKey
net.minecraft.world.level.storage.loot.functions.SetContainerContents,net.minecraft.world.level.storage.loot.functions.SetContainerContents,LootItemFunction that sets the contents of a container such as a chest by setting the {@code BlocKEntityTag} of the stacks.\nThe contents are based on a list of loot pools.
net.minecraft.world.level.levelgen.Aquifer,net.minecraft.world.level.levelgen.Aquifer,"Aquifers are responsible for non-sea level fluids found in terrain generation, but also managing that different aquifers don't intersect with each other in ways that would create undesirable fluid placement.\nThe aquifer interface itself is a modifier on a per-block basis. It computes a block state to be placed for each position in the world.\n<p>\nAquifers work by first partitioning a single chunk into a low resolution grid. They then generate, via various noise layers, an {@link NoiseBasedAquifer.AquiferStatus} at each grid point.\nAt each point, the grid cell containing that point is calculated, and then of the eight grid corners, the three closest aquifers are found, by square euclidean distance.\nBorders between aquifers are created by comparing nearby aquifers to see if the given point is near-equidistant from them, indicating a border if so, or fluid/air depending on the aquifer height if not."
net.minecraft.world.level.storage.loot.LootContext$EntityTarget,net.minecraft.world.level.storage.loot.LootContext$EntityTarget,Represents a type of entity that can be looked up in a {@link LootContext} using a {@link LootContextParam}.
net.minecraft.world.level.storage.loot.entries.LootPoolEntry,net.minecraft.world.level.storage.loot.entries.LootPoolEntry,A loot pool entry generates zero or more stacks of items based on the LootContext.\nEach loot pool entry has a weight that determines how likely it is to be generated within a given loot pool.
net.minecraft.world.level.storage.loot.providers.score.LootScoreProviderType,net.minecraft.world.level.storage.loot.providers.score.LootScoreProviderType,The SerializerType for {@link ScoreboardNameProvider}.
net.minecraft.world.level.storage.loot.functions.ApplyBonusCount,net.minecraft.world.level.storage.loot.functions.ApplyBonusCount,LootItemFunction that modifies the stack's count based on an enchantment level on the {@linkplain LootContextParams#TOOL tool} using various formulas.
net.minecraft.network.protocol.game.ServerGamePacketListener,net.minecraft.network.protocol.game.ServerGamePacketListener,PacketListener for the server side of the PLAY protocol.
net.minecraft.network.CompressionDecoder,net.minecraft.network.CompressionDecoder,Handles decompression of network traffic.\n\n@see Connection#setupCompression
net.minecraft.world.level.storage.loot.predicates.LootItemRandomChanceCondition,net.minecraft.world.level.storage.loot.predicates.LootItemRandomChanceCondition,A LootItemCondition that succeeds with a given probability.
net.minecraft.world.level.storage.loot.functions.FunctionUserBuilder,net.minecraft.world.level.storage.loot.functions.FunctionUserBuilder,Base interface for builders that accept loot functions.\n\n@see LootItemFunction
net.minecraft.network.PacketListener,net.minecraft.network.PacketListener,"Describes how packets are handled. There are various implementations of this class for each possible protocol (e.g. PLAY, CLIENTBOUND; PLAY, SERVERBOUND; etc.)"
net.minecraft.world.level.levelgen.synth.PerlinNoise,net.minecraft.world.level.levelgen.synth.PerlinNoise,This class generates multiple octaves of perlin noise. Each individual octave is an instance of {@link net.minecraft.world.level.levelgen.synth.ImprovedNoise}.\nMojang uses the term 'Perlin' to describe octaves or fBm (Fractal Brownian Motion) noise.
net.minecraft.network.chat.Style,net.minecraft.network.chat.Style,"A Style for {@link Component}.\nStores color, text formatting (bold, etc.) as well as possible HoverEvent/ClickEvent."
net.minecraft.core.RegistryAccess$RegistryData,net.minecraft.core.RegistryAccess$RegistryData,A small record representing metadata about a given registry.
net.minecraft.network.protocol.game.ClientboundBlockEventPacket,net.minecraft.network.protocol.game.ClientboundBlockEventPacket,Triggers a block event on the client.\n\n@see Block#triggerEvent\n@see Level#blockEvent
net.minecraft.world.entity.ai.attributes.Attribute,net.minecraft.world.entity.ai.attributes.Attribute,Defines an entity attribute. These are properties of entities that can be dynamically modified.\n@see net.minecraft.core.Registry#ATTRIBUTE
net.minecraft.world.level.storage.loot.providers.nbt.StorageNbtProvider,net.minecraft.world.level.storage.loot.providers.nbt.StorageNbtProvider,An NbtProvider that provides NBT data from a named {@link CommandStorage}.
net.minecraft.world.level.levelgen.carver.CanyonWorldCarver,net.minecraft.world.level.levelgen.carver.CanyonWorldCarver,"A carver responsible for creating ravines, or canyons."
net.minecraft.world.level.storage.loot.parameters.LootContextParam,net.minecraft.world.level.storage.loot.parameters.LootContextParam,A parameter of a {@link LootContext}.\n\n@see LootContextParams
net.minecraft.world.level.levelgen.VerticalAnchor,net.minecraft.world.level.levelgen.VerticalAnchor,"Represents a resolvable height value, or y coordinate, based on the world minimum and maximum height.\nCan take one of the following three forms:\n<ul>\n<li>An absolute y value ({@link Absolute}).</li>\n<li>A height above the lowest valid y value in the level ({@link AboveBottom}).</li>\n<li>A height below the highest valid y value in the level ({@link BelowTop}).</li>\n</ul>"
net.minecraft.world.level.newbiome.layer.traits.CastleTransformer,net.minecraft.world.level.newbiome.layer.traits.CastleTransformer,A transformer which modifies a single position based on the four cardinal adjacent positions.\nThe 'Castle' is a reference to the castle in chess moving in cardinal directions.
net.minecraft.world.level.storage.loot.functions.ApplyExplosionDecay,net.minecraft.world.level.storage.loot.functions.ApplyExplosionDecay,LootItemFunction that reduces a stack's count based on the {@linkplain LootContextParams#EXPLOSION_RADIUS explosion radius}.
net.minecraft.world.level.storage.loot.predicates.ConditionUserBuilder,net.minecraft.world.level.storage.loot.predicates.ConditionUserBuilder,Base interface for builders that can accept loot conditions.\n\n@see LootItemCondition
net.minecraft.core.QuartPos,net.minecraft.core.QuartPos,"Used to convert between chunk positions (referred to here as sections, from {@link net.minecraft.world.level.chunk.LevelChunkSection}), block positions, and quart positions.\nThe latter is used to query biomes from a noise biome source."
net.minecraft.world.level.storage.loot.functions.LootingEnchantFunction,net.minecraft.world.level.storage.loot.functions.LootingEnchantFunction,LootItemFunction that grows the stack's count by multiplying the {@linkplain LootContextParams#KILLER_ENTITY killer}'s looting enchantment level with some multiplier. Optionally a limit to the stack size is applied.
net.minecraft.network.CompressionEncoder,net.minecraft.network.CompressionEncoder,Handles compression of network traffic.\n\n@see Connection#setupCompression
net.minecraft.world.level.levelgen.NoiseInterpolator,net.minecraft.world.level.levelgen.NoiseInterpolator,"An abstraction for the ""perlerp"" (itself a portmanteau of ""perlin"", from Perlin noise, and ""lerp"", indicating linear interpolation) function used in Minecraft's noise generation.\nTri-linear interpolation avoids sampling noise at each position, and instead samples cell corners, and linearly interpolates values between said corners. This manages said interpolation, in a way friendly to iteration to avoid unnecessary computations."
net.minecraft.stats.StatFormatter,net.minecraft.stats.StatFormatter,A formatter for a {@linkplain Stat statistic}'s corresponding count.
net.minecraft.network.protocol.login.ClientLoginPacketListener,net.minecraft.network.protocol.login.ClientLoginPacketListener,PacketListener for the client side of the LOGIN protocol.
net.minecraft.network.Varint21FrameDecoder,net.minecraft.network.Varint21FrameDecoder,"Counterpart to {@link Varint21LengthFieldPrepender}. Decodes each frame (""packet"") by first reading its length and then its data."
net.minecraft.world.level.storage.loot.entries.AlternativesEntry,net.minecraft.world.level.storage.loot.entries.AlternativesEntry,A composite loot pool entry container that expands all its children in order until one of them succeeds.\nThis container succeeds if one of its children succeeds.
net.minecraft.resources.RegistryLookupCodec,net.minecraft.resources.RegistryLookupCodec,"A codec that provides a registry, by key to the consumer, assuming the ops used is a {@code net.minecraft.resources.RegistryReadOps}.\nNo data is encoded or decoded, rather, the registry is looked up in the ops's {@code registryAccess}.\nThis provides a read-only view of a registry, and can reference registries owned by the registry access or not."
net.minecraft.world.level.storage.loot.functions.FillPlayerHead,net.minecraft.world.level.storage.loot.functions.FillPlayerHead,"LootItemFunction that applies the {@code ""SkullOwner""} NBT tag to any player heads based on the given {@link LootContext.EntityTarget}.\nIf the given target does not resolve to a player, nothing happens."
net.minecraft.world.level.storage.loot.functions.CopyNbtFunction,net.minecraft.world.level.storage.loot.functions.CopyNbtFunction,LootItemFunction that takes the NBT from  an {@link NbtProvider} and applies a set of copy operations that copy from that source NBT into the stack's NBT.
net.minecraft.world.level.storage.loot.functions.SetAttributesFunction,net.minecraft.world.level.storage.loot.functions.SetAttributesFunction,LootItemFunction that adds a list of attribute modifiers to the stacks.
net.minecraft.world.level.chunk.ImposterProtoChunk,net.minecraft.world.level.chunk.ImposterProtoChunk,"During world generation, adjacent chunks may be fully generated (and thus be level chunks), but are often needed in proto chunk form. This wraps a completely generated chunk as a proto chunk."
net.minecraft.world.level.storage.loot.providers.nbt.NbtProviders,net.minecraft.world.level.storage.loot.providers.nbt.NbtProviders,Registry for {@link NbtProvider}
net.minecraft.world.level.gameevent.GameEvent,net.minecraft.world.level.gameevent.GameEvent,Describes an in game event or action that can be detected by listeners such as the Sculk Sensor block.
net.minecraft.world.level.levelgen.carver.WorldCarver$CarveSkipChecker,net.minecraft.world.level.levelgen.carver.WorldCarver$CarveSkipChecker,Used to define certain positions to skip or ignore when carving.
net.minecraft.world.level.storage.loot.predicates.LootItemKilledByPlayerCondition,net.minecraft.world.level.storage.loot.predicates.LootItemKilledByPlayerCondition,A LootItemCondition that matches if the last damage to an entity was done by a player.\n\n@see LootContextParams#LAST_DAMAGE_PLAYER
net.minecraft.world.level.storage.loot.functions.LootItemConditionalFunction,net.minecraft.world.level.storage.loot.functions.LootItemConditionalFunction,A LootItemFunction that only modifies the stacks if a list of {@linkplain LootItemCondition predicates} passes.
net.minecraft.world.level.storage.loot.ValidationContext,net.minecraft.world.level.storage.loot.ValidationContext,"Context for validating loot tables. Loot tables are validated recursively by checking that all functions, conditions, etc. (implementing {@link LootContextUser}) are valid according to their LootTable's {@link LootContextParamSet}."
net.minecraft.world.level.storage.loot.entries.LootPoolEntryType,net.minecraft.world.level.storage.loot.entries.LootPoolEntryType,The SerializerType for {@link LootPoolEntryContainer}.
net.minecraft.world.level.chunk.ChunkStatus$SimpleGenerationTask,net.minecraft.world.level.chunk.ChunkStatus$SimpleGenerationTask,A {@link GenerationTask} which completes all work synchronously.
net.minecraft.world.item.DyeableHorseArmorItem,net.minecraft.world.item.DyeableHorseArmorItem,Constructor for the DyeableHorseArmor
